<?xml version="1.0" encoding="UTF-8"?>
<!DOCTYPE hibernate-configuration PUBLIC "-//Hibernate/Hibernate Configuration DTD 3.0//EN"
        "http://hibernate.sourceforge.net/hibernate-configuration-3.0.dtd">
<hibernate-configuration>
    <session-factory>
        <!-- Database connection settings -->
        <property name="hibernate.connection.driver_class">com.mysql.cj.jdbc.Driver</property>
        <property name="hibernate.connection.url">jdbc:mysql://localhost:3306/transportadoraPU</property>
        <property name="hibernate.connection.username">root</property>
        <property name="hibernate.connection.password">your_password</property>

        <!-- Specify dialect -->
        <property name="hibernate.dialect">org.hibernate.dialect.MySQL5Dialect</property>

        <!-- Enable Hibernate's automatic session context management -->
        <property name="hibernate.current_session_context_class">thread</property>

        <!-- Echo all executed SQL to stdout -->
        <property name="hibernate.show_sql">true</property>

        <!-- Format SQL queries -->
        <property name="hibernate.format_sql">true</property>

        <!-- Drop and re-create the database schema on startup -->
        <property name="hibernate.hbm2ddl.auto">update</property>

        <!-- Names the annotated entity class -->
        <mapping class="ifma.edu.transportadora.model.CategoriaFrete"/>
        <mapping class="ifma.edu.transportadora.model.Cidade"/>
        <mapping class="ifma.edu.transportadora.model.Cliente"/>
        <mapping class="ifma.edu.transportadora.model.Dependente"/>
        <mapping class="ifma.edu.transportadora.model.Distancia"/>
        <mapping class="ifma.edu.transportadora.model.Filial"/>
        <mapping class="ifma.edu.transportadora.model.Frete"/>
        <mapping class="ifma.edu.transportadora.model.Funcionario"/>
        <mapping class="ifma.edu.transportadora.model.ItemFrete"/>
        <mapping class="ifma.edu.transportadora.model.PessoaFisica"/>
        <mapping class="ifma.edu.transportadora.model.TipoVeiculo"/>
        <mapping class="ifma.edu.transportadora.model.Veiculo"/>
    </session-factory>
</hibernate-configuration>
